title,company,link
Senior Full stack Developer,Lemon.io,https://remoteok.comhttps://remoteOK.com/remote-jobs/remote-senior-full-stack-developer-lemon-io-1112254
LLM Data Engineer,Sanctuary Computer,https://remoteok.comhttps://remoteOK.com/remote-jobs/remote-llm-data-engineer-sanctuary-computer-1112042
Python Developer,Ampcontrol,https://remoteok.comhttps://remoteOK.com/remote-jobs/remote-python-developer-ampcontrol-1096950
Freelance Python Contributor Project Aurora,Datacurve,https://remoteok.comhttps://remoteOK.com/remote-jobs/remote-freelance-python-contributor-project-aurora-datacurve-1096434
Software Engineer Gauntlet App,Gauntlet,https://remoteok.comhttps://remoteOK.com/remote-jobs/remote-software-engineer-gauntlet-app-gauntlet-1095415
Big Data Engineer Professional Services,BrightEdge,https://remoteok.comhttps://remoteOK.com/remote-jobs/remote-big-data-engineer-professional-services-brightedge-1094983
Senior AI Engineer,Catalant,https://remoteok.comhttps://remoteOK.com/remote-jobs/remote-senior-ai-engineer-catalant-1093849
Senior Full Stack Engineer,Snowplow Analytics,https://remoteok.comhttps://remoteOK.com/remote-jobs/remote-senior-full-stack-engineer-snowplow-analytics-1093846
Junior Network Engineer,Kyivstar,https://remoteok.comhttps://remoteOK.com/remote-jobs/remote-junior-network-engineer-kyivstar-1093845
Principal Engineer,Find,https://remoteok.comhttps://remoteOK.com/remote-jobs/remote-principal-engineer-find-1093844
